{
	"song": {
		"speed": 2.3,
		"stage": null,
		"player1": "bf",
		"player2": "dad",
		"player3": null,
		"events": [
			[
				0,
				[
					[
						"BF Fade",
						"5",
						"0"
					],
					[
						"LinearAlphaBF",
						"5",
						"0"
					]
				]
			],
			[
				5333.33333333333,
				[
					[
						"Opponent Fade",
						"5",
						"0"
					],
					[
						"LinearAlphaOPT",
						"5",
						"0"
					]
				]
			],
			[
				10666.6666666667,
				[
					[
						"Opponent Fade",
						"0",
						"100"
					],
					[
						"LinearAlphaOPT",
						"0",
						"100"
					]
				]
			],
			[
				13333.3333333333,
				[
					[
						"BF Fade",
						"0",
						"100"
					],
					[
						"LinearAlphaBF",
						"0",
						"100"
					]
				],
				null,
				"Poison Note"
			],
			[
				16000,
				[
					[
						"TweenSpin",
						"30",
						"10800"
					]
				]
			],
			[
				41333.3333333333,
				[
					[
						"Drain",
						"0",
						""
					]
				]
			],
			[
				42000,
				[
					[
						"Drain",
						"0",
						""
					]
				]
			],
			[
				42666.6666666667,
				[
					[
						"Drain",
						"0",
						""
					]
				]
			],
			[
				43333.3333333333,
				[
					[
						"Drain",
						"0",
						""
					]
				]
			],
			[
				44000,
				[
					[
						"Drain",
						"0",
						""
					]
				]
			],
			[
				44666.6666666667,
				[
					[
						"Drain",
						"0",
						""
					]
				]
			],
			[
				45333.3333333333,
				[
					[
						"Drain",
						"0",
						""
					]
				]
			],
			[
				46000,
				[
					[
						"Drain",
						"0",
						""
					]
				]
			],
			[
				46666.6666666667,
				[
					[
						"Drain",
						"0",
						""
					]
				]
			],
			[
				47333.3333333333,
				[
					[
						"Drain",
						"0",
						""
					]
				]
			],
			[
				48000,
				[
					[
						"Drain",
						"0",
						""
					]
				]
			],
			[
				48666.6666666667,
				[
					[
						"Drain",
						"0",
						""
					]
				]
			],
			[
				49333.3333333334,
				[
					[
						"Drain",
						"0",
						""
					]
				]
			],
			[
				50000,
				[
					[
						"Drain",
						"0",
						""
					]
				]
			],
			[
				50666.6666666667,
				[
					[
						"Drain",
						"0",
						""
					]
				]
			],
			[
				51333.3333333334,
				[
					[
						"Drain",
						"0",
						""
					]
				]
			],
			[
				52000,
				[
					[
						"Drain",
						"0",
						""
					]
				]
			],
			[
				52666.6666666667,
				[
					[
						"Drain",
						"0",
						""
					]
				]
			],
			[
				53000,
				[
					[
						"Drain",
						"0.98",
						""
					]
				]
			],
			[
				84000,
				[
					[
						"Gain",
						"2",
						""
					]
				]
			]
		],
		"notes": [],
		"splashSkin": null,
		"validScore": false,
		"gfVersion": "gf",
		"bpm": 180,
		"arrowSkin": null,
		"needsVoices": true,
		"song": "Example Dad Battle"
	}
}