{
	"song": {
		"player1": "bf",
		"notes": [
			{
				"sectionNotes": [
					[
						0,
						-1,
						"BF Fade",
						"5",
						"0"
					]
				],
				"lengthInSteps": 16,
				"mustHitSection": true
			},
			{
				"sectionNotes": [],
				"lengthInSteps": 16,
				"mustHitSection": true
			},
			{
				"sectionNotes": [],
				"lengthInSteps": 16,
				"mustHitSection": true
			},
			{
				"sectionNotes": [],
				"lengthInSteps": 16,
				"mustHitSection": true
			},
			{
				"sectionNotes": [
					[
						5333.33333333333,
						-1,
						"Opponent Fade",
						"5",
						"0"
					]
				],
				"lengthInSteps": 16,
				"mustHitSection": true
			},
			{
				"sectionNotes": [],
				"lengthInSteps": 16,
				"mustHitSection": true
			},
			{
				"sectionNotes": [],
				"lengthInSteps": 16,
				"mustHitSection": true
			},
			{
				"sectionNotes": [],
				"lengthInSteps": 16,
				"mustHitSection": true
			},
			{
				"sectionNotes": [
					[
						10666.667,
						2,
						0
					],
					[
						11000,
						0,
						0
					],
					[
						11166.667,
						1,
						0
					],
					[
						11333.334,
						2,
						0
					],
					[
						11666.667,
						0,
						0
					],
					[
						11833.334,
						3,
						0
					],
					[
						10666.6666666667,
						-1,
						"Opponent Fade",
						"0",
						"100"
					]
				],
				"lengthInSteps": 16,
				"mustHitSection": false
			},
			{
				"sectionNotes": [
					[
						12000,
						2,
						0
					],
					[
						12166.667,
						3,
						0
					],
					[
						12333.334,
						0,
						0
					],
					[
						12500,
						1,
						0
					],
					[
						12666.667,
						2,
						0
					],
					[
						13000,
						0,
						0
					],
					[
						13166.667,
						3,
						0
					]
				],
				"lengthInSteps": 16,
				"mustHitSection": false
			},
			{
				"sectionNotes": [
					[
						13333.334,
						2,
						0
					],
					[
						13666.667,
						0,
						0
					],
					[
						13833.334,
						1,
						0
					],
					[
						14000,
						2,
						0
					],
					[
						14333.334,
						0,
						0
					],
					[
						14500,
						3,
						0
					],
					[
						13333.3333333333,
						-1,
						"BF Fade",
						"0",
						"100"
					]
				],
				"lengthInSteps": 16,
				"mustHitSection": true
			},
			{
				"sectionNotes": [
					[
						14666.667,
						2,
						0
					],
					[
						14833.334,
						3,
						0
					],
					[
						15000,
						0,
						0
					],
					[
						15166.667,
						1,
						0
					],
					[
						15333.334,
						2,
						0
					],
					[
						15666.667,
						0,
						0
					],
					[
						15833.334,
						3,
						0
					]
				],
				"lengthInSteps": 16,
				"mustHitSection": true
			},
			{
				"sectionNotes": [
					[
						16000,
						1,
						0
					],
					[
						16333.334,
						0,
						0
					],
					[
						16500,
						3,
						0
					],
					[
						16666.668,
						1,
						0
					],
					[
						17000,
						2,
						0
					],
					[
						16000,
						-1,
						"TweenSpin",
						"30",
						"10800"
					]
				],
				"lengthInSteps": 16,
				"mustHitSection": false
			},
			{
				"sectionNotes": [
					[
						17333.334,
						1,
						0
					],
					[
						17666.668,
						0,
						0
					],
					[
						17833.334,
						0,
						0
					],
					[
						18000,
						3,
						0
					],
					[
						18166.668,
						3,
						0
					],
					[
						18333.334,
						3,
						0
					],
					[
						18500,
						3,
						0
					]
				],
				"lengthInSteps": 16,
				"mustHitSection": false
			},
			{
				"sectionNotes": [
					[
						18666.668,
						1,
						0
					],
					[
						19000,
						0,
						0
					],
					[
						19166.668,
						3,
						0
					],
					[
						19333.334,
						1,
						0
					],
					[
						19666.668,
						2,
						0
					]
				],
				"lengthInSteps": 16,
				"mustHitSection": true
			},
			{
				"sectionNotes": [
					[
						20000,
						1,
						0
					],
					[
						20333.334,
						0,
						0
					],
					[
						20500,
						0,
						0
					],
					[
						20666.668,
						3,
						0
					],
					[
						20833.334,
						3,
						0
					],
					[
						21000,
						3,
						0
					],
					[
						21166.668,
						3,
						0
					]
				],
				"lengthInSteps": 16,
				"mustHitSection": true
			},
			{
				"sectionNotes": [
					[
						21666.668,
						2,
						0
					],
					[
						21833.334,
						1,
						0
					],
					[
						22000,
						3,
						0
					]
				],
				"lengthInSteps": 16,
				"mustHitSection": false
			},
			{
				"sectionNotes": [
					[
						22833.334,
						1,
						0
					],
					[
						23000,
						3,
						0
					],
					[
						23333.334,
						0,
						0
					]
				],
				"lengthInSteps": 16,
				"mustHitSection": false
			},
			{
				"sectionNotes": [
					[
						24333.334,
						2,
						0
					],
					[
						24666.668,
						1,
						0
					],
					[
						25000,
						0,
						0
					],
					[
						25166.668,
						1,
						0
					]
				],
				"lengthInSteps": 16,
				"mustHitSection": false
			},
			{
				"sectionNotes": [
					[
						25333.334,
						2,
						0
					],
					[
						25500,
						3,
						0
					],
					[
						25666.668,
						0,
						0
					],
					[
						25833.334,
						3,
						0
					],
					[
						26000,
						2,
						0
					]
				],
				"lengthInSteps": 16,
				"mustHitSection": false
			},
			{
				"sectionNotes": [
					[
						27000,
						2,
						0
					],
					[
						27166.668,
						1,
						0
					],
					[
						27333.334,
						3,
						0
					]
				],
				"lengthInSteps": 16,
				"mustHitSection": true
			},
			{
				"sectionNotes": [
					[
						28166.668,
						1,
						0
					],
					[
						28333.334,
						3,
						0
					],
					[
						28666.668,
						0,
						0
					]
				],
				"lengthInSteps": 16,
				"mustHitSection": true
			},
			{
				"sectionNotes": [
					[
						29666.668,
						2,
						0
					],
					[
						30000,
						1,
						0
					],
					[
						30333.334,
						0,
						0
					],
					[
						30500,
						1,
						0
					]
				],
				"lengthInSteps": 16,
				"mustHitSection": true
			},
			{
				"sectionNotes": [
					[
						30666.668,
						4,
						0
					],
					[
						30666.668,
						2,
						0
					],
					[
						30833.334,
						5,
						0
					],
					[
						30833.334,
						3,
						0
					],
					[
						31000,
						6,
						0
					],
					[
						31000,
						0,
						0
					],
					[
						31166.668,
						7,
						0
					],
					[
						31166.668,
						3,
						0
					],
					[
						31333.334,
						6,
						0
					],
					[
						31333.334,
						2,
						0
					],
					[
						31500,
						5,
						0
					],
					[
						31666.668,
						4,
						0
					],
					[
						31833.334,
						5,
						0
					]
				],
				"lengthInSteps": 16,
				"mustHitSection": true
			},
			{
				"sectionNotes": [
					[
						32166.668,
						0,
						0
					],
					[
						32333.334,
						3,
						0
					],
					[
						32500.002,
						2,
						0
					],
					[
						32666.668,
						1,
						0
					],
					[
						33000,
						0,
						0
					]
				],
				"lengthInSteps": 16,
				"mustHitSection": false
			},
			{
				"sectionNotes": [
					[
						33500,
						2,
						0
					],
					[
						33666.668,
						3,
						0
					],
					[
						33833.3359,
						1,
						0
					],
					[
						34000,
						2,
						0
					],
					[
						34333.3359,
						0,
						0
					]
				],
				"lengthInSteps": 16,
				"mustHitSection": false
			},
			{
				"sectionNotes": [
					[
						34666.668,
						0,
						0
					],
					[
						35000,
						1,
						0
					],
					[
						35333.3359,
						3,
						0
					],
					[
						35666.668,
						1,
						0
					]
				],
				"lengthInSteps": 16,
				"mustHitSection": false
			},
			{
				"sectionNotes": [
					[
						36000,
						2,
						0
					],
					[
						36333.3359,
						3,
						0
					],
					[
						36666.668,
						0,
						0
					],
					[
						36666.668,
						1,
						0
					]
				],
				"lengthInSteps": 16,
				"mustHitSection": false
			},
			{
				"sectionNotes": [
					[
						37500,
						1,
						0
					],
					[
						37666.668,
						3,
						0
					],
					[
						37833.3359,
						2,
						0
					],
					[
						38000,
						0,
						0
					],
					[
						38166.668,
						2,
						0
					],
					[
						38333.3359,
						1,
						0
					]
				],
				"lengthInSteps": 16,
				"mustHitSection": false
			},
			{
				"sectionNotes": [
					[
						38666.668,
						0,
						0
					],
					[
						38750,
						3,
						0
					],
					[
						38833.3359,
						0,
						0
					],
					[
						39000,
						1,
						0
					],
					[
						39166.668,
						0,
						0
					],
					[
						39333.3359,
						2,
						0
					],
					[
						39500,
						3,
						0
					],
					[
						39666.668,
						1,
						0
					]
				],
				"lengthInSteps": 16,
				"mustHitSection": false
			},
			{
				"sectionNotes": [
					[
						40166.668,
						0,
						0
					],
					[
						40333.3359,
						3,
						0
					],
					[
						40500,
						1,
						0
					],
					[
						40666.668,
						2,
						0
					],
					[
						40833.3359,
						3,
						0
					],
					[
						41000,
						1,
						0
					],
					[
						41166.668,
						3,
						0
					]
				],
				"lengthInSteps": 16,
				"mustHitSection": false
			},
			{
				"sectionNotes": [
					[
						41333.3359,
						0,
						0
					],
					[
						41333.3359,
						4,
						0
					],
					[
						41500,
						1,
						0
					],
					[
						41500,
						5,
						0
					],
					[
						41666.668,
						0,
						0
					],
					[
						41666.668,
						6,
						0
					],
					[
						41833.3359,
						3,
						0
					],
					[
						41833.3359,
						7,
						0
					],
					[
						42000,
						2,
						0
					],
					[
						42000,
						6,
						0
					],
					[
						42166.668,
						5,
						0
					],
					[
						42333.3359,
						3,
						0
					],
					[
						42333.3359,
						4,
						0
					],
					[
						42500,
						5,
						0
					],
					[
						41333.3333333333,
						-1,
						"Drain",
						"0",
						""
					],
					[
						42000,
						-1,
						"Drain",
						"0",
						""
					]
				],
				"lengthInSteps": 16,
				"mustHitSection": false
			},
			{
				"sectionNotes": [
					[
						42833.3359,
						0,
						0
					],
					[
						43000,
						3,
						0
					],
					[
						43166.668,
						2,
						0
					],
					[
						43333.3359,
						1,
						0
					],
					[
						43666.668,
						0,
						0
					],
					[
						42666.6666666667,
						-1,
						"Drain",
						"0",
						""
					],
					[
						43333.3333333333,
						-1,
						"Drain",
						"0",
						""
					]
				],
				"lengthInSteps": 16,
				"mustHitSection": true
			},
			{
				"sectionNotes": [
					[
						44166.668,
						2,
						0
					],
					[
						44333.3359,
						3,
						0
					],
					[
						44500,
						1,
						0
					],
					[
						44666.668,
						2,
						0
					],
					[
						45000,
						0,
						0
					],
					[
						44000,
						-1,
						"Drain",
						"0",
						""
					],
					[
						44666.6666666667,
						-1,
						"Drain",
						"0",
						""
					]
				],
				"lengthInSteps": 16,
				"mustHitSection": true
			},
			{
				"sectionNotes": [
					[
						45333.3359,
						0,
						0
					],
					[
						45666.668,
						1,
						0
					],
					[
						46000,
						3,
						0
					],
					[
						46333.3359,
						1,
						0
					],
					[
						45333.3333333333,
						-1,
						"Drain",
						"0",
						""
					],
					[
						46000,
						-1,
						"Drain",
						"0",
						""
					]
				],
				"lengthInSteps": 16,
				"mustHitSection": true
			},
			{
				"sectionNotes": [
					[
						46666.668,
						2,
						0
					],
					[
						47000,
						3,
						0
					],
					[
						47333.3359,
						0,
						0
					],
					[
						47333.3359,
						1,
						0
					],
					[
						46666.6666666667,
						-1,
						"Drain",
						"0",
						""
					],
					[
						47333.3333333333,
						-1,
						"Drain",
						"0",
						""
					]
				],
				"lengthInSteps": 16,
				"mustHitSection": true
			},
			{
				"sectionNotes": [
					[
						48166.668,
						1,
						0
					],
					[
						48333.3359,
						3,
						0
					],
					[
						48500,
						2,
						0
					],
					[
						48666.668,
						0,
						0
					],
					[
						48833.3359,
						2,
						0
					],
					[
						49000,
						1,
						0
					],
					[
						48000,
						-1,
						"Drain",
						"0",
						""
					],
					[
						48666.6666666667,
						-1,
						"Drain",
						"0",
						""
					]
				],
				"lengthInSteps": 16,
				"mustHitSection": true
			},
			{
				"sectionNotes": [
					[
						49333.3359,
						0,
						0
					],
					[
						49416.668,
						3,
						0
					],
					[
						49500,
						0,
						0
					],
					[
						49666.668,
						1,
						0
					],
					[
						49833.3359,
						0,
						0
					],
					[
						50000,
						2,
						0
					],
					[
						50166.668,
						3,
						0
					],
					[
						50333.3359,
						1,
						0
					],
					[
						49333.3333333334,
						-1,
						"Drain",
						"0",
						""
					],
					[
						50000,
						-1,
						"Drain",
						"0",
						""
					]
				],
				"lengthInSteps": 16,
				"mustHitSection": true
			},
			{
				"sectionNotes": [
					[
						50833.3359,
						0,
						0
					],
					[
						51000,
						3,
						0
					],
					[
						51166.668,
						1,
						0
					],
					[
						51333.3359,
						2,
						0
					],
					[
						51500,
						3,
						0
					],
					[
						51666.668,
						1,
						0
					],
					[
						51833.3359,
						3,
						0
					],
					[
						50666.6666666667,
						-1,
						"Drain",
						"0",
						""
					],
					[
						51333.3333333334,
						-1,
						"Drain",
						"0",
						""
					]
				],
				"lengthInSteps": 16,
				"mustHitSection": true
			},
			{
				"sectionNotes": [
					[
						52000,
						0,
						0
					],
					[
						52166.668,
						0,
						0
					],
					[
						52333.3359,
						2,
						0
					],
					[
						52500,
						2,
						0
					],
					[
						52666.668,
						3,
						0
					],
					[
						53000,
						3,
						0
					],
					[
						53000,
						1,
						0
					],
					[
						52000,
						-1,
						"Drain",
						"0",
						""
					],
					[
						52666.6666666667,
						-1,
						"Drain",
						"0",
						""
					],
					[
						53000,
						-1,
						"Drain",
						"0.98",
						""
					]
				],
				"lengthInSteps": 16,
				"mustHitSection": true
			},
			{
				"sectionNotes": [
					[
						53333.3359,
						2,
						0
					],
					[
						53666.668,
						0,
						0
					],
					[
						53833.3359,
						1,
						0
					],
					[
						54000,
						2,
						0
					],
					[
						54333.3359,
						0,
						0
					],
					[
						54500,
						3,
						0
					]
				],
				"lengthInSteps": 16,
				"mustHitSection": false
			},
			{
				"sectionNotes": [
					[
						54666.668,
						2,
						0
					],
					[
						54833.3359,
						3,
						0
					],
					[
						55000,
						0,
						0
					],
					[
						55166.668,
						1,
						0
					],
					[
						55333.3359,
						2,
						0
					],
					[
						55666.668,
						0,
						0
					],
					[
						55833.3359,
						3,
						0
					]
				],
				"lengthInSteps": 16,
				"mustHitSection": false
			},
			{
				"sectionNotes": [
					[
						56000,
						2,
						0
					],
					[
						56333.3359,
						0,
						0
					],
					[
						56500,
						1,
						0
					],
					[
						56666.668,
						2,
						0
					],
					[
						57000,
						0,
						0
					],
					[
						57166.668,
						3,
						0
					]
				],
				"lengthInSteps": 16,
				"mustHitSection": true
			},
			{
				"sectionNotes": [
					[
						57333.3359,
						2,
						0
					],
					[
						57500,
						3,
						0
					],
					[
						57666.668,
						0,
						0
					],
					[
						57833.3359,
						1,
						0
					],
					[
						58000,
						2,
						0
					],
					[
						58333.3359,
						0,
						0
					],
					[
						58500,
						3,
						0
					]
				],
				"lengthInSteps": 16,
				"mustHitSection": true
			},
			{
				"sectionNotes": [
					[
						58666.668,
						1,
						0
					],
					[
						59000,
						0,
						0
					],
					[
						59166.668,
						3,
						0
					],
					[
						59333.3359,
						1,
						0
					],
					[
						59666.668,
						2,
						0
					]
				],
				"lengthInSteps": 16,
				"mustHitSection": false
			},
			{
				"sectionNotes": [
					[
						60000,
						1,
						0
					],
					[
						60333.3359,
						0,
						0
					],
					[
						60500,
						0,
						0
					],
					[
						60666.668,
						3,
						0
					],
					[
						60833.3359,
						3,
						0
					],
					[
						61000,
						3,
						0
					],
					[
						61166.668,
						3,
						0
					]
				],
				"lengthInSteps": 16,
				"mustHitSection": false
			},
			{
				"sectionNotes": [
					[
						61333.3359,
						1,
						0
					],
					[
						61666.668,
						0,
						0
					],
					[
						61833.3359,
						3,
						0
					],
					[
						62000,
						1,
						0
					],
					[
						62333.3359,
						2,
						0
					]
				],
				"lengthInSteps": 16,
				"mustHitSection": true
			},
			{
				"sectionNotes": [
					[
						62666.668,
						1,
						0
					],
					[
						62666.668,
						4,
						0
					],
					[
						62833.3359,
						5,
						0
					],
					[
						63000,
						0,
						0
					],
					[
						63000,
						6,
						0
					],
					[
						63166.668,
						0,
						0
					],
					[
						63166.668,
						7,
						0
					],
					[
						63333.3359,
						3,
						0
					],
					[
						63333.3359,
						6,
						0
					],
					[
						63500,
						3,
						0
					],
					[
						63500,
						5,
						0
					],
					[
						63666.668,
						3,
						0
					],
					[
						63666.668,
						4,
						0
					],
					[
						63833.3359,
						5,
						333.333344
					],
					[
						63833.3359,
						3,
						0
					]
				],
				"lengthInSteps": 16,
				"mustHitSection": true
			},
			{
				"sectionNotes": [
					[
						64333.3359,
						2,
						0
					],
					[
						64500.0039,
						1,
						0
					],
					[
						64666.668,
						3,
						0
					]
				],
				"lengthInSteps": 16,
				"mustHitSection": false
			},
			{
				"sectionNotes": [
					[
						65500.0039,
						1,
						0
					],
					[
						65666.67,
						3,
						0
					],
					[
						66000,
						0,
						0
					]
				],
				"lengthInSteps": 16,
				"mustHitSection": false
			},
			{
				"sectionNotes": [
					[
						67000,
						2,
						0
					],
					[
						67333.3359,
						1,
						0
					],
					[
						67666.67,
						0,
						0
					],
					[
						67833.3359,
						1,
						0
					]
				],
				"lengthInSteps": 16,
				"mustHitSection": false
			},
			{
				"sectionNotes": [
					[
						68000,
						2,
						0
					],
					[
						68000,
						4,
						0
					],
					[
						68166.67,
						3,
						0
					],
					[
						68166.67,
						5,
						0
					],
					[
						68333.3359,
						0,
						0
					],
					[
						68333.3359,
						6,
						0
					],
					[
						68500,
						3,
						0
					],
					[
						68500,
						7,
						0
					],
					[
						68666.67,
						2,
						0
					],
					[
						68666.67,
						6,
						0
					],
					[
						68833.3359,
						5,
						0
					],
					[
						69000,
						4,
						0
					],
					[
						69166.67,
						5,
						333.333344
					]
				],
				"lengthInSteps": 16,
				"mustHitSection": false
			},
			{
				"sectionNotes": [
					[
						69666.67,
						2,
						0
					],
					[
						69833.3359,
						1,
						0
					],
					[
						70000,
						3,
						0
					]
				],
				"lengthInSteps": 16,
				"mustHitSection": true
			},
			{
				"sectionNotes": [
					[
						70833.3359,
						1,
						0
					],
					[
						71000,
						3,
						0
					],
					[
						71333.3359,
						0,
						0
					]
				],
				"lengthInSteps": 16,
				"mustHitSection": true
			},
			{
				"sectionNotes": [
					[
						72333.3359,
						2,
						0
					],
					[
						72666.67,
						1,
						0
					],
					[
						73000,
						0,
						0
					],
					[
						73166.67,
						1,
						0
					]
				],
				"lengthInSteps": 16,
				"mustHitSection": true
			},
			{
				"sectionNotes": [
					[
						73333.3359,
						2,
						0
					],
					[
						73500,
						3,
						0
					],
					[
						73666.67,
						0,
						0
					],
					[
						73833.3359,
						3,
						0
					],
					[
						74000,
						2,
						0
					]
				],
				"lengthInSteps": 16,
				"mustHitSection": true
			},
			{
				"sectionNotes": [
					[
						74666.67,
						2,
						0
					],
					[
						75000,
						0,
						0
					],
					[
						75166.67,
						1,
						0
					],
					[
						75333.3359,
						2,
						0
					],
					[
						75666.67,
						0,
						0
					],
					[
						75833.3359,
						3,
						0
					]
				],
				"lengthInSteps": 16,
				"mustHitSection": false
			},
			{
				"sectionNotes": [
					[
						76000,
						2,
						0
					],
					[
						76166.67,
						3,
						0
					],
					[
						76333.3359,
						0,
						0
					],
					[
						76500,
						1,
						0
					],
					[
						76666.67,
						2,
						0
					],
					[
						77000,
						2,
						0
					]
				],
				"lengthInSteps": 16,
				"mustHitSection": false
			},
			{
				"sectionNotes": [
					[
						77333.3359,
						2,
						0
					],
					[
						77666.67,
						0,
						0
					],
					[
						77833.3359,
						1,
						0
					],
					[
						78000,
						2,
						0
					],
					[
						78333.3359,
						0,
						0
					],
					[
						78500,
						3,
						0
					]
				],
				"lengthInSteps": 16,
				"mustHitSection": true
			},
			{
				"sectionNotes": [
					[
						78666.67,
						2,
						0
					],
					[
						78833.3359,
						3,
						0
					],
					[
						79000,
						0,
						0
					],
					[
						79166.67,
						1,
						0
					],
					[
						79333.3359,
						2,
						0
					],
					[
						79666.67,
						2,
						0
					]
				],
				"lengthInSteps": 16,
				"mustHitSection": true
			},
			{
				"sectionNotes": [
					[
						80000,
						1,
						0
					],
					[
						80333.3359,
						0,
						0
					],
					[
						80500,
						3,
						0
					],
					[
						80666.67,
						1,
						0
					],
					[
						81000,
						2,
						0
					]
				],
				"lengthInSteps": 16,
				"mustHitSection": false
			},
			{
				"sectionNotes": [
					[
						81333.3359,
						1,
						0
					],
					[
						81666.67,
						1,
						0
					],
					[
						82000,
						1,
						0
					]
				],
				"lengthInSteps": 16,
				"mustHitSection": false
			},
			{
				"sectionNotes": [
					[
						82666.67,
						1,
						0
					],
					[
						83000,
						0,
						0
					],
					[
						83166.67,
						3,
						0
					],
					[
						83333.3359,
						1,
						0
					],
					[
						83666.67,
						2,
						0
					]
				],
				"lengthInSteps": 16,
				"mustHitSection": true
			},
			{
				"sectionNotes": [
					[
						84000,
						-1,
						"Gain",
						"2",
						""
					],
					[
						84000,
						1,
						0,
						"Blammed Note"
					],
					[
						84333.3333333333,
						1,
						0,
						"halfBlammed Note"
					],
					[
						85000,
						0,
						0,
						"Instakill Note"
					],
					[
						85000,
						1,
						0,
						"Instakill Note"
					],
					[
						85000,
						2,
						0,
						"Instakill Note"
					],
					[
						85000,
						3,
						0,
						"Instakill Note"
					],
					[
						84666.6666666667,
						1,
						0,
						"halfBlammed Note"
					]
				],
				"lengthInSteps": 16,
				"mustHitSection": true
			},
			{
				"sectionNotes": [],
				"lengthInSteps": 16,
				"mustHitSection": true
			},
			{
				"lengthInSteps": 16,
				"altAnim": false,
				"typeOfSection": 0,
				"sectionNotes": [],
				"bpm": 180,
				"changeBPM": false,
				"mustHitSection": true
			},
			{
				"lengthInSteps": 16,
				"altAnim": false,
				"typeOfSection": 0,
				"sectionNotes": [],
				"bpm": 180,
				"changeBPM": false,
				"mustHitSection": true
			},
			{
				"lengthInSteps": 16,
				"altAnim": false,
				"typeOfSection": 0,
				"sectionNotes": [],
				"bpm": 180,
				"changeBPM": false,
				"mustHitSection": true
			}
		],
		"player2": "dad",
		"player3": "gf",
		"song": " Example Dad Battle",
		"needsVoices": true,
		"validScore": true,
		"bpm": 180,
		"speed": 2.3
	}
}