{
	"songs": [
		[
			"Example High",
			"mom",
			[
				146,
				113,
				253
			]
		],
		[
			"Example Roses",
			"sempai-pixel",
			[
				146,
				113,
				253
			]
		],
		[
			"Example Dad Battle",
			"dad",
			[
				146,
				113,
				253
			]
		]
	],
	"hideFreeplay": false,
	"weekBackground": "",
	"weekCharacters": [
		"Mom",
		"bf",
		"gf"
	],
	"storyName": "Examples",
	"weekName": "Custom Week",
	"freeplayColor": [
		146,
		113,
		253
	],
	"hideStoryMode": true,
	"weekBefore": "tutorial",
	"startUnlocked": true
}